Nombre,Categoría,Teléfono,Web,Email,Todos los emails
Floristería Menta y Canela,Floristería,915150413,https://www.floresmenta.com/,,
RegaloOriginal.com,Floristería,919496076,,,
Floristería en Madrid Margarita se llama mi Amor,Floristería,913100926,https://www.margaritasellamamiamor.com/,,
Floristería la flor de la canela. Flores a domicilio Madrid.,Floristería,915534780,http://www.florescanela.com/,,
Floristería Blooms,Floristería,919472389,https://floristeriablooms.com/,,
Arteflor Madrid Floristería,Floristería,654068938,https://www.arteflormadrid.com/,arteflormadrid@hotmail.com,arteflormadrid@hotmail.com
Floristería Jardín,Floristería,639688470,https://jardin2000.es/,,
Floristería Qantu,Floristería,915305122,https://qantu.es/,,
La Real Flores y Jardines,Floristería,915471577,,,
Adhoc Flores Floristería Madrid,Floristería,609008091,https://www.adhocflores.com/?utm_source=gbp&utm_medium=view_website_button&utm_campaign=google-business-profile,,
Flores de Cavia,Floristería,660542873,https://floresdecaviamadrid.es/,floresdecavia@gmail.com,floresdecavia@gmail.com
El florista,Floristería,607712047,http://elfloristafloristeria.com/,0c52cb89aa4d4154857a1584b6701db6@sentry.wixpress.com,0c52cb89aa4d4154857a1584b6701db6@sentry.wixpress.com; 1689329078444118ba5ee5234e87bd81@sentry.wixpress.com; 605a7baede844d278b89dc95ae0a9123@sentry-next.wixpress.com; 7025fe2ce4ed466a9751d9607bc63a44@sentry.wixpress.com; 8c4075d5481d476e945486754f783364@sentry.io; 9a65e97ebe8141fca0c4fd686f70996b@sentry.wixpress.com; b4928a7ca6b9454192554f7a3911fd68@sentry.wixpress.com; c183baa23371454f99f417f6616b724d@sentry.wixpress.com; d44fb01cd7e74726be3bf46f5e32f60e@sentry.wixpress.com; e0b4d631da7b4200828051f7f9c783e3@sentry-next.wixpress.com; elfloristafloristeria@gmail.com
Floristería Lilium Madrid,Floristería,915534500,https://www.liliummadrid.es/,decoraciones@x1024.jpg,decoraciones@x1024.jpg; decoraciones@x1200.jpg; decoraciones@x1600.jpg; decoraciones@x256.jpg; decoraciones@x768.jpg; lilium_mad@hotmail.com; logo@x128.jpg; logo@x256.jpg; logo@x384.jpg; logo@x64.jpg; mostera@x1024.jpg; mostera@x1200.jpg; mostera@x1600.jpg; mostera@x256.jpg; mostera@x768.jpg; rosa@x1024.jpg; rosa@x1200.jpg; rosa@x1600.jpg; rosa@x256.jpg; rosa@x768.jpg
KS floristería,Floristería,602607812,,,
Lorena Marco,Floristería,647354505,http://www.lorenamarco.com/,floristeria@lorenamarco.com,floristeria@lorenamarco.com
Floristería MiPiti,Floristería,915717854,https://floristeriamipiti.com/,,
Floristería El Edén,Floristería,913310904,,,
Floristeria Muguet,Floristería,607301668,https://www.instagram.com/floristeriamuguetmadrid/,,
Punto Flores,Floristería,619979925,http://www.puntoflores.com/,sonia@puntoflores.com,sonia@puntoflores.com
Las flores del Jardín,Floristería,913112442,https://instagram.com/lasfloresdeljardin_?utm_source=ig_profile_share&igshid=mje26ke2rwtu,,
Floristería Amparo Ciudad De Los Angeles,Floristería,627568801,https://vm.tiktok.com/ZMLFMErv4/,,
Floristería Contreras,Floristería,914773522,http://www.floristeriacontreras.com/,,
Golden Roses,Floristería,651108743,https://goldenrosesfloristeria.es/,monicabamio@gmail.com,monicabamio@gmail.com
Flores Mariví,Floristería,914338506,https://www.floristeriamarivi.com/,marivi2@interflora.es,marivi2@interflora.es; marivi@interflora.es
Les Bouquets Fleuristerie.,Floristería,914016728,https://www.lesbouquetsfleuristerie.com/,,
Mercado de Flores Tirso de Molina,Floristería,622655267,https://mercadodeflores.es/,mercadodeflores.es@gmail.com,mercadodeflores.es@gmail.com
Floristería Amarylis,Floristería,616159831,http://www.floristeriaamaryllis.com/,,
Floristería L´amore,Floristería,911573555,https://floristerialamore.blogspot.com/,,
Shangai vivero,Floristería,913838550,https://viverosshangai.es/,,
Floristería Pétalos,Floristería,918826837,https://floristeriapetalosalcala.com/,,
Floristeria Noe,Floristería,912851415,https://floristerianoe.com/,,
Flores Alcalá,Floristería,918891467,https://floresalcala.es/,pepe@floresalcala.es,pepe@floresalcala.es
Floristería Jardín,Floristería,918826452,,,
Floristería los santos niños,Floristería,918789817,https://www.floristeriasantosalcala.com/,,
Hortensia Arte Floral | Floristería,Floristería,912618819,http://www.hortensiartefloral.com/,,
Floristería De Tomás,Floristería,918886651,http://www.floristeriadetomas.es/,,
Floristería Bouquet,Floristería,697655486,http://www.floristeriabouquet.es/,,
Flores El Jardín del Duende,Floristería,722657065,https://floreseljardindelduende.com/,,
Área Verde,Floristería,691304632,,,
Floristería Carlos,Floristería,918811992,https://www.floristeriacarlos.com/,,
Flor de Romero,Floristería,912857267,http://www.miflor.es/,floristeria@miflor.es,floristeria@miflor.es
Monceau Fleurs,Floristería,918023720,https://monceau-fleurs.es/preguntas-frecuentes,,
Mon Parnasse Flores,Floristería,918023720,http://www.monparnasse.es/,,
Floristería Ele,Floristería,,http://www.floristeriaele.es/,soporte@webador.es,soporte@webador.es
Di Manstretta - Taller Floral | Floristería,Floristería,919474647,,,
Iris,Floristería,918833346,https://www.floristeria-iris.es/,jruizmoreno26@hotmail.com,jruizmoreno26@hotmail.com
MirFlores Atelier,Floristería,722421637,https://www.mirflores.com/,atelier@mirflores.com,atelier@mirflores.com
FlorAlcalá,Floristería,692037571,,,
Floristería 5 Rosas,Floristería,624125823,,,
Floristeria Muscari,Floristería,918827678,,,
Decano Floristas,Floristería,916905628,http://decanofloristas.com/,,
Floristería Florviva,Floristería,916153427,https://floristeriaflorviva.com/,,
Floristerías El Vivero,Floristería,916974242,http://www.floristeriaselvivero.es/,j.alberto@floristeriaselvivero.es,j.alberto@floristeriaselvivero.es
La Floristería de Fuenlabrada by Rosify Box,Floristería,611643400,https://rosifybox.com/,,
Floristeria Rayma,Floristería,916097085,http://www.floristeriarayma.com/,,
Floristería de Paula,Floristería,916159529,http://flores-plantas.com/empresas-flores-viveros-jardines-madrid/floristeria-de-paula/gmx-niv142-con4674.htm,florisdepaula@gmail.com,florisdepaula@gmail.com
LA CASA DEL CAMPO,Floristería,916060412,,,
Floristería Flores,Floristería,612441708,,,
Shuang Zhi,Floristería,916423480,http://shuang-zhi.com/,comercial@shuang-zhi.com,comercial@shuang-zhi.com
Tu Floristería en Casa,Floristería,657054121,http://www.tufloristeriaencasa.com/,pedidos@tufloristeriaencasa.com,pedidos@tufloristeriaencasa.com
Domoflor,Floristería,689714240,,,
"Floristería, Regalos y Decoración - Jardín de Flor",Floristería,916049247,http://floristeriahumanesjardin.blogspot.com/,,
Versaiye,Floristería,665192192,https://versaiye.microstore.app/#/shopMain,,
Verdecasa 2023,Floristería,626511292,https://verdecasa2023.es/,verdecasa2023@gmail.com,verdecasa2023@gmail.com
Flortienda,Floristería,910466125,,,
Emérita Sevilla Casco,Floristería,916060412,,,
Floristería Mari Juli,Floristería,912273220,http://www.floristeriamarijuli.com/,,
ILUNION Tu Tienda - Hospital de Fuenlabrada,Floristería,677773091,https://www.ilunionretail.com/,,
Floristería Nevado,Floristería,910239683,https://www.floristerianevado.com/,,
FLORISTERIA ALVER,Floristería,,,,
Mariflauers,Floristería,911261593,https://www.mariflauers.com/,mariflauers@mariflauers.com,mariflauers@mariflauers.com
Flores Gares,Floristería,916752977,,,
Floristería El Trébol,Floristería,916563877,,,
Floristería Artifresia Floristas,Floristería,916775607,http://www.artifresiafloristas.es/,,
Rafael Gares Floristas,Floristería,686242257,http://www.garesfloristas.com/,sales@yourcompany.com,sales@yourcompany.com
El Jardín D Antonia,Floristería,643948769,,,
Floristería Colores,Floristería,916757854,,,
El Milagro De Una Flor,Floristería,628746465,http://elmilagrodeunaflor.es/,,
Floristeria Galan,Floristería,642614394,,,
Floristeria Elena,Floristería,642959262,https://floristeriaelena.es/,,
Floristeria Alyflor,Floristería,910709124,https://www.alyflor.com/,,
Flores Isabella,Floristería,916775782,https://www.floresisabella.com/,floresisabellatorrejon@gmail.com,floresisabellatorrejon@gmail.com
Iglesias Floristería & Eventos,Floristería,916781816,https://www.iglesiasfloristeria.es/,,
LINNEA VEGETAL,Floristería,686242257,,,
Verdnatura Levante SL,Floristería,916778777,http://verdnatura.es/,,
Se venden gordas,Floristería,,,,
Caprichos by Andrea,Floristería,691597664,http://www.caprichosbyandrea.com/,,
ILUNION Tu Tienda - Hospital de Torrejón,Floristería,717161428,https://www.ilunionretail.com/,,
Gestoría Administrativa Torrejon Sangar,Floristería,916565005,http://www.gestiomovil.com/,gestoria@gestiomovil.com,gestoria@gestiomovil.com
Enviocoronas,Floristería,900533659,https://enviocoronas.com/?dlg=bYW7W1,,
Floristería Las Dalias,Floristería,696494791,https://floristerialasrozas.com/,,
A Flor de Piel,Floristería,615004289,http://www.floristeriaenlasrozas.es/,,
VerdePimienta,Floristería,916371515,https://www.verdepimienta.es/,para@verdepimienta.es,para@verdepimienta.es
LA GARDENIA 2.0,Floristería,910429329,,,
Floristería Iris,Floristería,614878448,https://www.instagram.com/irisflorynata?igsh=MWo5ZnA1aTB5NW8wZA==,,
Floristería Ramo Silvestre,Floristería,638680539,https://www.ramosilvestre.com/,,
PATIO HOLANDÉS Floristeria- Decoración,Floristería,673678607,https://www.ninomiyaeventos.com/,,
Espacio Floral garden,Floristería,646125079,,,
FLORISTERÍA BUENOS AIRES.,Floristería,663905205,,,
Brunnera Boutique,Floristería,696725679,https://brunnera.es/,boutique@brunnera.es,boutique@brunnera.es
Floristería en Majadahonda El Cortijo,Floristería,618072288,https://floristeriaelcortijo.com/,begoelcortijo@gmail.com,begoelcortijo@gmail.com
Regalos Personalizados En Vez de Flores,Floristería,915984909,http://www.envezdeflores.com/,pedidos@envezdeflores.com,pedidos@envezdeflores.com
Pistacia ❀ Floristería en Majadahonda,Floristería,681309625,https://pistacia.es/?utm_source=My_business&utm_medium=Ficha&utm_id=Google,,
Floristería ENEBRO,Floristería,916395750,,,
Provocateur Roses Majadahonda,Floristería,622704114,https://provocateurroses.com/,,
La Gardenia Flores Y Plantas Sl.,Floristería,,,,
Mon Parnasse Flores - C.C. Oeste Majadahonda,Floristería,917553686,https://monparnasse.es/,,
Floristería Ariadna,Floristería,634025433,,,
Acebal,Floristería,608696121,,,
Verdecora Majadahonda,Floristería,916394012,https://verdecora.es/tiendas/2-majadahonda-madrid,,
Jardinería Fonseca S.A.,Floristería,916373359,https://jardineriafonseca.es/,,
Que Alegria Que Buen Dia,Floristería,696511177,http://www.quealegriaquebuendia.com/,,
Party Land Las Rozas,Floristería,916266360,http://www.partyland.es/,cliente@partyland.es,cliente@partyland.es; tu-email@tu-proveedor.com
Viveros Alajarin,Floristería,916370172,,,
ESPIRITU PILATES,Floristería,669662144,http://www.espiritupilates.es/,,
El Callejón del Barro | Taller de cerámica,Floristería,643729650,https://elcallejondelbarro.es/,,
Pajarraca Madrid,Floristería,686853829,https://www.pajarracamadrid.com/,contacto@pajarracamadrid.com,contacto@pajarracamadrid.com
Aromas,Floristería,916388157,,,
Best Garden Césped Artificial,Floristería,613056096,http://www.bgardenmadrid.es/,comercial@bgardenmadrid.es,comercial@bgardenmadrid.es
Las Rozas Village,Floristería,916404900,https://www.thebicestercollection.com/las-rozas-village/es/visita?utm_source=GMB&utm_medium=organic&utm_campaign=GMBclick,,
Joyería Eyma S L,Floristería,916361101,http://www.eyma.es/,,
Floristería Edén,Floristería,916148237,https://floristeriamostoleseden.es/,cris_floreden@hotmail.com,cris_floreden@hotmail.com
Floristería El Mensaje de las Flores,Floristería,910466436,http://www.elmensajedelasflores.com/,%20info.elmensajedelasflores@gmail.com,%20info.elmensajedelasflores@gmail.com; info.elmensajedelasflores@gmail.com
Floristería Las Flores de Carlos,Floristería,912099985,https://lasfloresdecarlos.es/,lasfloresdecarlos@gmail.com,lasfloresdecarlos@gmail.com
Floristería Montse,Floristería,916137113,http://floristeriamontse.es/,,
Floristería jardín de Alicia,Floristería,722229850,http://www.floristeriamostoles.com/,aleaa22@hotmail.com,aleaa22@hotmail.com
Flores a domicilio Madrid,Floristería,625363825,https://www.floresadomiciliomadrid.com/,,
MARANTA Floristas,Floristería,916458615,https://www.marantafloristas.es/,marantafloristas1981@gmail.com,marantafloristas1981@gmail.com
Floristeria Mamen,Floristería,912362953,http://www.floristeriamamen.es/,,
Floristería Merchi Bonsái Shiawase,Floristería,916137709,,,
Taller de Flores Primavera,Floristería,916142748,,,
"Floristería FLOWERING enviar flores a domicilio a Móstoles, Madrid",Floristería,919483219,https://www.flowering.es/,,
Selecciones Latorre,Floristería,916133916,http://www.seleccioneslatorrefloristeria.es/,seleccioneslatorre@gmail.com,seleccioneslatorre@gmail.com
DiDa Eternity,Floristería,625962990,https://www.didaeternity.store/,,
Las Camelias Arte Floral,Floristería,914860450,https://www.lascameliasartefloral.com/,,
"C. Huesca, 17, FLORISTERÍA",Floristería,,,,
Floristería Las Tres Rosas,Floristería,916433799,http://www.lastresrosas.com/,,
El Jardín de Cris,Floristería,669725526,,,
Detalles y Caprichos,Floristería,624409088,http://detallesycapricho.com/?utm_source=gmb&utm_medium=referral,,
Malpica Floristas,Floristería,916657057,https://malpicafloristeria.com/,,
Beaucarnea Floristeria,Floristería,916890101,http://www.floristeriabeaucarnea.com/,,
Floristería Isabel,Floristería,916442627,https://www.isabelfloristasalcorcon.com/,isabel@isabelfloristasalcorcon.com,isabel@isabelfloristasalcorcon.com
LA TIA MARIA CBD SHOP MOSTOLES,Floristería,611994315,http://latiamaria.es/,pedidos@latiamaria.es,pedidos@latiamaria.es
Arte Oslo Decoración y Regalos,Floristería,916141890,,,
Floristería Ada,Floristería,605930117,https://instagram.com/_adaflores.com_?igshid=ZDdkNTZiNTM=,,
Jardín de Los Planetas,Floristería,,,,
Greenery 420 Tienda CBD Móstoles CBD Shop,Floristería,624194119,http://www.greenery420cbd.com/,atencionalcliente@flowerfarm.es,atencionalcliente@flowerfarm.es; atencionalcliente@greenery420cbd.com
UNIVERSO HOME MOSTOLES,Floristería,614014651,,,
Mascotas Borneo,Floristería,914969566,https://wa.link/5yirx6,,
Malpica Vivero - Galcor Decoración y Paisajes,Floristería,916162205,https://www.malpicavivero.com/,,
Churreria Aviles,Floristería,636734795,https://www.lomejordelbarrio.com/mostoles/comercios/churreria_aviles/cafeterias_en_mostoles,miguelangel.moreno@lomejordelbarrio.com,miguelangel.moreno@lomejordelbarrio.com
La Milagrosa - Centro de Formación Profesional,Floristería,916474451,http://www.lamilagrosaformacion.es/,,
Floristería Eterna Primavera,Floristería,916956271,https://eternaprimaveratichigifts.com/,,
Floristería Panés,Floristería,916815057,,,
Tu Floristería en Casa,Floristería,657054121,http://www.tufloristeriaencasa.com/,pedidos@tufloristeriaencasa.com,pedidos@tufloristeriaencasa.com
MARSILEA FLORISTAS,Floristería,912998101,,,
Floristeria Capricho,Floristería,916839668,,,
PACHAMOR FLORISTERIA,Floristería,624046380,,,
Floristeria La Buganvilla de Lupi,Floristería,910827251,,,
QUILES Floristería,Floristería,913112444,https://www.grupoquiles.es/,,
Flor tienda,Floristería,910338777,,,
Pepe Camacho Floristeria | Taller y Proyectos Florales,Floristería,606645349,https://linktr.ee/pepecamacho,aficionad@s.pdf,aficionad@s.pdf
Floréate VENTA ONLINE,Floristería,633757667,,,
El Jardin De La Alegria Alimentacion Y Bazar,Floristería,,,,
DreamLamb Floristas,Floristería,697732013,http://dreamlambfloristas.es/,dreamlambsl@hotmail.es,dreamlambsl@hotmail.es
Variantes Flores Sánchez,Floristería,,,,
Tienda de flores,Floristería,911300000,,,
Galva Floristas,Floristería,916863196,http://www.galvafloristas.com/,,
Floristería La Irónica,Floristería,644989444,https://floristerialaironica.com/,floristerialaironica@gmail.com,floristerialaironica@gmail.com
Manualidades y Regalos LINA MAR,Floristería,916822224,http://www.regaloslinamar.es/,,
El Corte Inglés Pozuelo,Tienda de regalos,917089200,https://www.elcorteingles.es/centroscomerciales/es/eci/centros/centro-comercial-pozuelo,,
Curiosite Regalos Originales,Tienda de regalos,911413305,https://www.curiosite.es/,,
Tienda de Regalos Daelva,Tienda de regalos,633857813,https://tiendaregalos.eu/,ruth.pm.93@gmail.com,ruth.pm.93@gmail.com
Gracias Mamá - Tienda de Regalos Originales,Tienda de regalos,913665274,,,
La Tienda de los Deseos,Tienda de regalos,607220497,http://www.latiendadelosdeseos.com/,escribeundeseo@gmail.com,escribeundeseo@gmail.com
Gift Center Tienda de regalos,Tienda de regalos,,https://www.giftcenter.es/,ventas@giftcenter.es,ventas@giftcenter.es
Detalles para ti Madrid,Tienda de regalos,643556891,https://detallesparatimadrid.com/,,
Madrid al Cubo,Tienda de regalos,627452053,,,
Curiosity shop,Tienda de regalos,913658422,http://www.curiosityshop.es/,,
La Integral,Tienda de regalos,914296918,http://www.laintegral25.com/,,
Mundo de Caprichos,Tienda de regalos,917273309,,,
Lola shop,Tienda de regalos,,,,
Zakka,Tienda de regalos,911392364,,,
Regalos Cuchi Cuchi,Tienda de regalos,,,,
Sol Souvenirs,Tienda de regalos,915212213,,,
Zakka Tirso de Molina,Tienda de regalos,915934587,,,
La Casita de los Regalos,Tienda de regalos,910894319,http://lacasitadelosregalos.com/,lacasitadelosregalosmadrid@gmail.com,lacasitadelosregalosmadrid@gmail.com
Popurri Store SL,Tienda de regalos,910741718,http://www.popurri-store.com/,,
Real Fábrica,Tienda de regalos,911252021,http://realfabrica.com/,,
Madrid Souvenirs,Tienda de regalos,915239489,http://www.madridsouvenirs.com/,sales@eusouvenirs.com,sales@eusouvenirs.com
Las Rozas Village,Tienda de regalos,916404900,https://www.thebicestercollection.com/las-rozas-village/es/visita?utm_source=GMB&utm_medium=organic&utm_campaign=GMBclick,,
Regalador,Tienda de regalos,915768196,https://regalador.com/,contacto@regalador.com,contacto@regalador.com
EL ESPACIO STORE,Tienda de regalos,650632384,https://elespaciostore.com/?fbclid=PAZXh0bgNhZW0CMTEAAabOnjEjQIisS9wvhsSzGguYa3lmM_Ck-9nc-MHXZ_g852JZBZ09tbu9LC8_aem_dvnUdBme7OxQiyucqrUEUg,,
Kositas d Sister's - Tienda de Ropa y Complementos,Tienda de regalos,674683457,http://www.kositasdhermanas.es/,kositasdhermanas@gmail.com,kositasdhermanas@gmail.com
Gritos de Madrid,Tienda de regalos,913659154,http://www.gritosdemadrid.com/,tienda.online@gritosdemadrid.es,tienda.online@gritosdemadrid.es
Bronze & Mora,Tienda de regalos,915214884,https://www.bronzeymora.com/,,
Caprichos - Decoración y Regalos,Tienda de regalos,913038735,https://www.caprichosdecoracionyregalos.com/,,
LUCIERNAGA / concept boutique / decoration & gifts / Madrid,Tienda de regalos,657998454,https://www.luciernagaboutique.es/,2062d0a4929b45348643784b5cb39c36@sentry.wixpress.com,2062d0a4929b45348643784b5cb39c36@sentry.wixpress.com; 605a7baede844d278b89dc95ae0a9123@sentry-next.wixpress.com; 8c30b2581acc426badc414e8a5dc04ef@sentry.wixpress.com; 8c4075d5481d476e945486754f783364@sentry.io; c098db2425c540d3982e073ae7fc4c9a@sentry.wixpress.com; gift.boutique.barcelona@gmail.com; luciernaga.peers@gmail.com
Dobra Souvenirs,Tienda de regalos,915312443,,,
Regalos Gema,Tienda de regalos,914372281,http://www.regalosgema.com/,delsurweb@delsurweb.com,delsurweb@delsurweb.com
Chamaco y tú,Tienda de regalos,914696573,,,
Rituals,Tienda de regalos,914321383,https://www.rituals.com/?utm_source=organic&utm_medium=gmb,abc@mail.com,abc@mail.com
Gala's Hogar,Tienda de regalos,918828791,,,
Vida Alcalá | Souvenirs & Concept store,Tienda de regalos,683423384,https://www.vidaalcala.es/,tienda@vidaalcala.es,tienda@vidaalcala.es
La Casa de Don Quijote (Souvenirs),Tienda de regalos,622111315,,,
Regalos Y Complementos,Tienda de regalos,660711820,,,
Kianda detalles,Tienda de regalos,918896086,,,
Silvalia Regalos :Crea y personaliza,Tienda de regalos,624605464,https://silvaliaregalos.com/,,
Dulci Regalos-Globos,Tienda de regalos,641420639,,,
Imprimeregalos.com,Tienda de regalos,665047301,https://imprimeregalos.com/,imprimeregalos@hotmail.com,imprimeregalos@hotmail.com
Arya Tara Alcala Henares,Tienda de regalos,918838514,http://www.aryatarashop.com/,aryataracom@gmail.com,aryataracom@gmail.com
Flying Tiger Copenhagen,Tienda de regalos,918812839,https://flyingtiger.com/pages/store-locator?utm_source=Google&utm_medium=Store+Locator+Traffic&utm_campaign=Uberall&utm_id=Uberall#!/l/es/alcala-de-henares/calle-mayor-26/es01038,privacy@flyingtiger.com,privacy@flyingtiger.com
La Tienda del Museo Arqueológico Regional - LOS VIAJEROS DEL TIEMPO,Tienda de regalos,918796688,http://www.losviajerosdeltiempo.com/,logo_trans_recurso-3@150x-8-e1504639460390-98x100.png,logo_trans_recurso-3@150x-8-e1504639460390-98x100.png; logo_trans_recurso-3@150x-8-e1504639460390.png
Happy Cumples Servicios para Eventos,Tienda de regalos,646277139,https://happycumples.com/,,
Regalo Andy,Tienda de regalos,693215863,,,
Creative Ploffis World,Tienda de regalos,641445974,https://www.ploffis.com/,contacto@ploffis.com,contacto@ploffis.com
Regalos Angel,Tienda de regalos,918833963,,,
"Spelia Regalos, S.L",Tienda de regalos,918808252,,,
Muy Mucho,Tienda de regalos,918265701,https://muymucho.es/,,
No Hay Secretos,Tienda de regalos,918812907,https://www.nohaysecretos.com/,,
La Fermina,Tienda de regalos,911572768,https://www.lafermina.com/,,
Tienda de moda asimétrica y Complementos - Nunessa- Alcalá de Henares,Tienda de regalos,607782258,http://www.nunessa.com/,,
Estilo Pontejos S.L.,Tienda de regalos,918820811,https://www.merceriaconestilo.com/,,
Centro Comercial Alcalá Magna,Tienda de regalos,918305151,http://www.alcalamagna.es/,spain.alcalamagna@cbre.com,spain.alcalamagna@cbre.com
Tienda de la UAH,Tienda de regalos,918854115,http://uah.es/,,
Impresiones Velayos,Tienda de regalos,918830619,,,
La Menina Tejedora,Tienda de regalos,919477079,http://www.lameninatejedora.es/,,
El Corte Inglés Alcalá de Henares,Tienda de regalos,918872800,https://www.elcorteingles.es/centroscomerciales/es/eci/centros/centro-comercial-alcala-de-henares,,
Tiendas MGI Alcalá de Henares,Tienda de regalos,913401501,https://www.tiendasmgi.es/,clientes@grupomgi.com,clientes@grupomgi.com
Teospiel,Tienda de regalos,918788949,http://www.teospiel.com/,,
TintaLab Alcalá,Tienda de regalos,611860073,https://www.instagram.com/tintalabalcala/,,
Papeleria AlcaláDino,Tienda de regalos,638181487,http://www.alcaladino.com/,papeleriaalcaladino@gmail.com,papeleriaalcaladino@gmail.com
Lurien,Tienda de regalos,,,,
Rituals,Tienda de regalos,919016202,https://www.rituals.com/?utm_source=organic&utm_medium=gmb,abc@mail.com,abc@mail.com
Bizcocho de Yogur,Tienda de regalos,912878866,http://www.bizcochodeyogurshop.com/,bizcochodigame@bizcochodeyogurshop.com,bizcochodigame@bizcochodeyogurshop.com; bizochodigame@bizcochodeyogur.com; nataliaog@bizcochodeyogurshop.com
"Cositas, Regalos Y Complementos",Tienda de regalos,916978102,http://www.cositasregalosycomplementos.com/,,
Regalos Glamour,Tienda de regalos,,,,
Regalos Teyca,Tienda de regalos,687115565,,,
Dison Licencias,Tienda de regalos,914557432,https://www.disonlicencias.com/,,
La Nave de las Bodas,Tienda de regalos,918082569,http://www.lanavedelasbodas.com/,infi@lanavedelasbodas.com,infi@lanavedelasbodas.com
Regalo Fusión SL,Tienda de regalos,686058160,,,
El Bosque De Las Ninfas,Tienda de regalos,916908325,http://facebook.com/elbosquedelasninfas,,
Cobo Calleja,Tienda de regalos,644340101,https://tiendascobocalleja.es/,,
Centro Comercial Fuenlabrada 2,Tienda de regalos,916080108,https://fuenlabrada-2.com/,,
Yohana Complementos,Tienda de regalos,615272007,,,
Kilumio,Tienda de regalos,916420399,http://www.kilumio.com/,,
Tiendas Mayoristas Cobo Calleja,Tienda de regalos,644340101,http://www.tiendascobocalleja.es/,,
Articulos De Regalo,Tienda de regalos,,,,
Lolear,Tienda de regalos,645014721,http://www.lolear.es/,,
Anfora,Tienda de regalos,916923026,http://www.anforaregalos.es/,anforaregalos@gmail.com,anforaregalos@gmail.com; contacto@anforaregalos.es
Susy Moda y Regalos,Tienda de regalos,916072264,,,
Licoteca Fuenlabrada,Tienda de regalos,915007860,http://www.licotecaonline.com/,order@licotecaonline.com,order@licotecaonline.com
Manualidades Patchwork y Warhammer Bellas Artes Marfil,Tienda de regalos,910703370,http://www.bellasartesmarfil.com/,,
Lutila SL,Tienda de regalos,916420491,,,
Feroca Fuenlabrada,Tienda de regalos,916000250,http://www.feroca.com/,,
Huellas&Co | Tienda de regalos personalizados,Tienda de regalos,677175945,https://www.huellasandco.com/,,
Mas que recuerdos,Tienda de regalos,639856135,,,
Mega Deportes Fuenlabrada,Tienda de regalos,916098801,https://megadeportes.es/,contacto@megadeportes.es,contacto@megadeportes.es
MIL COLORES,Tienda de regalos,916970078,,,
China Center,Tienda de regalos,916214608,http://www.tiendaschinacenter.es/,administracion@grupo-hangseng.com,administracion@grupo-hangseng.com
Romyarte,Tienda de regalos,916099331,,,
Manualidades Bellas Artes Tauro,Tienda de regalos,,https://www.manualidadestauro.com/,,
New Xinder Style,Tienda de regalos,916421122,,,
Mercería Lazos Loranca,Tienda de regalos,910938847,https://merceria-lazos-2.myshopify.com/password,,
Almacenes Pemar,Tienda de regalos,916971891,http://almacenespemar.com/?utm_source=gmb&utm_medium=referral,,
Tienda de Ilusiones Regalos Originales,Tienda de regalos,912004899,https://tiendadeilusiones.com/,,
Más Que Monadas,Tienda de regalos,678250083,http://www.masquemonadas.com/,masquemonadas@gmail.com,masquemonadas@gmail.com
Los Regalos Del Caldero,Tienda de regalos,912316127,https://www.losregalosdelcaldero.com/,,
Regalos Para ti shop Torrejón de Ardoz,Tienda de regalos,651116200,https://regalosparatishop.com/,,
Detalles y Más / Regalos boda y Comunión,Tienda de regalos,690626724,https://detallesymas.es/,,
MINISO,Tienda de regalos,647794786,http://www.miniso.es/,su@email.com,su@email.com
Regalos Torrejón,Tienda de regalos,622699886,,,
AIRETIERRAMAR,Tienda de regalos,,,,
Dos Caracolas,Tienda de regalos,614161847,http://doscaracolas.com/,cropped-isotipo-doscaracolas-negativo-color@2x-180x180.png,cropped-isotipo-doscaracolas-negativo-color@2x-180x180.png; cropped-isotipo-doscaracolas-negativo-color@2x-192x192.png; cropped-isotipo-doscaracolas-negativo-color@2x-270x270.png; cropped-isotipo-doscaracolas-negativo-color@2x-32x32.png; logo-doscaracolas-negativo-color@2x.png; logo-doscaracolas-positivo-color@2x.png
NATURA,Tienda de regalos,910133778,https://naturaselection.com/,,
Castillejo Regalos,Tienda de regalos,,,,
El Sendero Mágico,Tienda de regalos,911517368,https://www.elsenderomagico.com/,,
ZZ Soluciones de Impresión,Tienda de regalos,639558582,https://www.zzsolucionesdeimpresion.com/,,
C De Copas,Tienda de regalos,633323328,http://cdecopas.sumupstore.com/,,
las Joyas de Irene,Tienda de regalos,699359282,https://www.lasjoyasdeirene.com/,,
Garabatos,Tienda de regalos,696913100,https://sedinfo.es/garabatos/gmx-niv117-con11170000036483.htm,,
Obsequio e Imagen S.L.,Tienda de regalos,913677632,http://obsequioeimagen.com/,comercial@obsequioeimagen.com,comercial@obsequioeimagen.com
Manualidades y retales (Tienda on line),Tienda de regalos,614243188,https://www.manualidadesyretales.com/,,
Bureau Vallée Torrejón,Tienda de regalos,916753078,https://www.bureau-vallee.es/es_ES/,b2d1f70cf803d1999905b9bef7e4cdcc@o4507464747450368.ingest.de.sentry.io,b2d1f70cf803d1999905b9bef7e4cdcc@o4507464747450368.ingest.de.sentry.io; bv-vilanova@bureau-vallee.es; bv.online@bureau-vallee.es; cb@2x.png; mastercard@2x.png; tu.email@ejemplo.com; visa@2x.png
Pontejos 2000,Tienda de regalos,916569279,http://www.pontejos2000.com/,,
Centrakor Torrejón de Ardoz,Tienda de regalos,919036590,https://www.centrakor.es/es/centrakor-torrejon-de-ardoz,contacto@centrakor.es,contacto@centrakor.es
Hola Móvil Reparaciónes Móviles en Torrejón De Ardoz.,Tienda de regalos,643007300,https://holamovilonline.com/,,
Porque m'importas,Tienda de regalos,916775607,https://porquemimportas.sedinfo.es/,,
Lolitas&L Outlet - Torrejon de Ardoz,Tienda de regalos,666100539,https://lolitasoutlet.com/,sales@lolitasyl.com,sales@lolitasyl.com
Action Torrejón de Ardoz,Tienda de regalos,937817620,https://www.action.com/es-es/tiendas/?utm_campaign=localbusiness&utm_source=google&utm_medium=organic&utm_content=6208,,
Kika Bretón,Tienda de regalos,916742891,http://www.instagram.com/kikabreton,,
Maxcopias Reprografía,Tienda de regalos,916563555,http://www.maxcopias.es/,pedidos@maxcopias.es,pedidos@maxcopias.es
Incoprint Rotulación Digital S.L,Tienda de regalos,,http://www.incoprint.es/,tienda@incoprint.es,tienda@incoprint.es
Eurotorrejón SL,Tienda de regalos,916774967,,,
Juguettos Torrejón de Ardoz,Tienda de regalos,916762050,https://juguettos.com/tiendas/juguettos-torrejondeardoz,,
Amie Moda,Tienda de regalos,608635570,,,
Muebles Ahorro Total,Decoración,690635222,https://www.ahorrototal.com/?utm_source=google&utm_medium=organic&utm_campaign=gmb_parla,atencionalcliente@ahorrototal.com,atencionalcliente@ahorrototal.com; tiendaonline@ahorrototal.com
"konzept® - Arquitectura, interiorismo y reformas integrales",Decoración,919204004,https://estudiokonzept.com/presupuesto-de-reforma-integral/,,
Ofelia Home & Decor,Decoración,919908195,http://www.ofeliahomedecor.com/,web@ofeliahomedecor.com,web@ofeliahomedecor.com
El Moderno Concept Store,Decoración,913483994,http://www.elmoderno.es/,david@elmoderno.es,david@elmoderno.es
DC Decoración | Tienda de muebles en Madrid,Decoración,915693206,http://www.dcdecoracion.es/?utm_source=gmb&utm_medium=organic&utm_campaign=google-my-business,dcdecoracion@circulomobiliario.es,dcdecoracion@circulomobiliario.es
Decoraciones Mediterráneo,Decoración,915525458,http://www.decoracionesmediterraneo.net/?utm_source=gmb&utm_medium=organic&utm_campaign=google-my-business,clientes@decoracionesmediterraneo.net,clientes@decoracionesmediterraneo.net
Kave Home Madrid Hermosilla,Decoración,910609948,https://kavehome.com/es/es/stores/madrid-hermosilla/?utm_source=google&utm_medium=Organic_local&utm_campaign=madrid_salamanca,,
Kamir Decoración y Regalos,Decoración,914481940,https://www.kamir.es/,addons4prestashop@gmail.com,addons4prestashop@gmail.com; fb@2x.png; hojex9@2x-100.jpg; ig@2x.png; logo@2x.png; logos@2x.png; tienda@2x-100.jpg; ws@2x.png; yt@2x.png
Becara,Decoración,917811162,https://www.becara.com/,becara@becara.com,becara@becara.com; mayor@becara.com
Eturel Madrid,Decoración,912404912,https://eturel.com/,,
Monkey Home,Decoración,660594441,http://www.monkeyhome.es/,,
Decolab,Decoración,919207194,http://www.decolab.es/,,
Rue Vintage 74,Decoración,678368020,http://www.ruevintage74.com/,1-20_100x100@2x.jpg,1-20_100x100@2x.jpg; 14_91465194-e5bb-4088-b102-79aaabd1228c_100x100@2x.jpg; 201rv74_mayo23_100x100@2x.jpg; 2024.02.19_maria_briones_ease_003_100x100@2x.jpg; 2024.02.19_salon_02_100x100@2x.png; 2024.02.19_salon_04_100x100@2x.png; 2024.02.19_salon_05_100x100@2x.png; 2024.02.22_salon_06_100x100@2x.png; 2024.02.25_salon_07_100x100@2x.png; 2024.02.26_dormitorio_03_100x100@2x.png; 2024.02.26_recibidor_01_80x@2x.png; 2024_02_19_detallerendermaria_100x100@2x.png; 2024_02_22_comedor01_100x100@2x.png; 2024_02_22_comedor_02_100x100@2x.png; 205rv74_mayo23_100x100@2x.jpg; 3664511005274_10pouleo-bleusarahnoir--43x43cm_1_100x100@2x.webp; 3664511007513_2316ldtsic-radis_20noir--30x20cm_1_100x100@2x.jpg; 3664511042217_11tabcheriv-noir--60x55.5x40_1_100x100@2x.jpg; 405rv74_mayo23_100x100@2x.jpg; 412rv74_mayo23_100x100@2x.jpg; 437rv74_mayo23_100x100@2x.jpg; 442rv74_mayo23_100x100@2x.jpg; 508rv74_mayo23_100x100@2x.jpg; 7-3_abd10735-2b14-4d55-a3b0-6b00a4e22326_100x100@2x.jpg; almohadon3_100x100@2x.jpg; apliquescuadrado-circulo-3_100x100@2x.jpg; armario15_100x100@2x.jpg; cabeceros_en23_1ruevintage_web_ok_25_100x100@2x.jpg; cabeceros_en23_ruevintage_web_ok_007_dfbc34d5-c110-4c7a-b9f8-7b1f99286fdf_100x100@2x.jpg; cabeceros_en23_ruevintage_web_ok_008_100x100@2x.jpg; cabeceros_en23_ruevintage_web_ok_025_8cc19e80-1919-4dcb-8c6e-57637a9b2a7d_100x100@2x.jpg; cabeceros_en23_ruevintage_web_ok_036_100x100@2x.jpg; consolas-11_100x100@2x.jpg; contemporary-28_09_20_3_1600x_475efd6b-0bc2-4821-896f-235a898f7c06_100x100@2x.jpg; couverture_-_yearbook-timeless-living_1200x_adc6362c-9ba8-4d01-ac77-a7d2c8f806f2_100x100@2x.jpg; dscf0121_100x100@2x.jpg; dscf9906_1_100x100@2x.jpg; enrich_100x100@2x.png; furnitureblossom_00091_100x100@2x.jpg; furnitureblossom_0221_100x100@2x.jpg; furnitureblossom_0328_100x100@2x.jpg; furnitureblossom_0629_100x100@2x.jpg; furnitureblossom_0756_100x100@2x.jpg; furnitureblossom_0870_100x100@2x.jpg; furnitureblossom_1043_100x100@2x.jpg; furnitureblossom_1069_100x100@2x.jpg; lamparamurano_100x100@2x.jpg; lamparasobremesavidrio-1_100x100@2x.jpg; lamparatechomurano-01_100x100@2x.jpg; mb6_100x100@2x.jpg; mesacentropiepik-1_100x100@2x.jpg; mesatravertinomontaje_100x100@2x.jpg; mg_0501_100x100@2x.jpg; mg_0795_verde-copia_100x100@2x.jpg; mg_8159_100x100@2x.jpg; mg_8279-3_100x100@2x.jpg; mg_9680_100x100@2x.jpg; mg_9680_azul_100x100@2x.jpg; midcenturym1cover_1600x_c39b3eda-704c-4a55-ac56-bf479e94429e_100x100@2x.jpg; myc0395_100x100@2x.jpg; myc0791_100x100@2x.jpg; myc0806_100x100@2x.jpg; prev_ruevint_oct24_120_100x100@2x.jpg; prev_ruevint_oct24_272_luz_100x100@2x.jpg; prev_ruevint_oct24_373_100x100@2x.jpg; r_v_dic23_baja_001_100x100@2x.jpg; r_v_dic23_baja_062_100x100@2x.jpg; rue_v_jun24_low_111_100x100@2x.jpg; rue_v_jun24_low_ok_169_100x100@2x.jpg; rue_v_jun24_low_ok_178_100x100@2x.jpg; rue_v_jun24_low_ok_192_100x100@2x.jpg; rue_v_jun24_low_ok_258_100x100@2x.jpg; rue_v_jun24_low_ok_280_100x100@2x.jpg; rue_v_jun24_low_ok_285_100x100@2x.jpg; rue_v_jun24_low_ok_317_100x100@2x.jpg; rue_v_nov25_low_289_100x100@2x.jpg; rue_v_web_agosto21_06_0bed9f87-b5e5-491d-b789-4b12e5412261_100x100@2x.jpg; rue_v_web_agosto21_09_5c86ab38-9e0d-44ee-9a69-d4a1525b2c97_100x100@2x.jpg; rue_v_web_agosto21_28_100x100@2x.jpg; rue_v_web_agosto21_31_100x100@2x.jpg; rue_v_web_agosto21_36_72ec8f3c-a3e9-4ebd-b42a-3aedad2143e9_100x100@2x.jpg; rue_vintage_18jul14_web-186_100x100@2x.jpg; rue_vintage_30en25_low_323_80x@2x.jpg; rue_vintage_30en25_low_333_4d19b9d4-8dd3-4a80-983c-46486b29e526_80x@2x.jpg; rue_vintage_30en25_low_437_100x100@2x.jpg; rue_vintage_30en25_low_745_100x100@2x.jpg; rue_vintage_jul25_web_186_100x100@2x.jpg; rue_vintage_textiloct23_web_001_36b892e2-6c9c-4fb0-ae0e-3831e8e4d50e_100x100@2x.jpg; rue_vintage_textiloct23_web_004_100x100@2x.jpg; rue_vintage_textiloct23_web_009_100x100@2x.jpg; rue_vintage_textiloct23_web_035_100x100@2x.jpg; rue_vintage_textiloct23_web_050_100x100@2x.jpg; rue_vintage_textiloct23_web_054_100x100@2x.jpg; rue_vintage_textiloct23_web_067_100x100@2x.jpg; rue_vintage_textiloct23_web_075_100x100@2x.jpg; rue_vintage_textiloct23_web_083_100x100@2x.jpg; rue_vintage_textiloct23_web_090_100x100@2x.jpg; ruev_10_jun_25_low_185_80x@2x.jpg; ruev_10_jun_25_low_212_100x100@2x.jpg; ruev_10_jun_25_low_213_100x100@2x.jpg; ruev_28mayo25_low_425_100x100@2x.jpg; ruev_28mayo25_low_475_80x@2x.jpg; ruev_28mayo25_low_477_100x100@2x.jpg; ruev_28mayo25_low_477_80x@2x.jpg; ruev_abril24_web-006_100x100@2x.jpg; ruev_abril24_web-009_100x100@2x.jpg; ruev_abril24_web-013_100x100@2x.jpg; ruev_abril24_web-017_100x100@2x.jpg; ruev_abril24_web-022_100x100@2x.jpg; ruev_abril24_web-047_80x@2x.jpg; ruev_abril24_web-059_100x100@2x.jpg; ruev_abril24_web-059_80x@2x.jpg; ruev_abril24_web-067_80x@2x.jpg; ruev_abril24_web-139_100x100@2x.jpg; ruev_abril24_web-181_100x100@2x.jpg; ruev_abril24_web-193_100x100@2x.jpg; ruev_abril24_web-215_100x100@2x.jpg; ruev_abril24_web-241_100x100@2x.jpg; ruev_abril24_web-246_100x100@2x.jpg; ruev_abril24_web-264_100x100@2x.jpg; ruev_abril24_webok-013_100x100@2x.jpg; ruev_abril24_webok-018_fbc051e1-51d0-4b11-98e1-7131adbc52a7_100x100@2x.jpg; ruev_abril24_webok-054_100x100@2x.jpg; ruev_abril24_webok-078_100x100@2x.jpg; ruev_abril24_webok-083_80x@2x.jpg; ruev_alfombras23_alta_034_3442f2b4-3f42-40c5-a213-26e96e5a7e51_100x100@2x.jpg; ruev_alfombras23_baja_019_100x100@2x.jpg; ruev_alfombras23_baja_031_100x100@2x.jpg; ruev_alfombras23_baja_041_100x100@2x.jpg; ruev_alfombras23_baja_053_100x100@2x.jpg; ruev_alfombras23_baja_060_100x100@2x.jpg; ruev_alfombras23_baja_063_80x@2x.jpg; ruev_alfombras23_baja_066_100x100@2x.jpg; ruev_junio_ii_24_096_100x100@2x.jpg; ruev_junio_ii_24_173_100x100@2x.jpg; ruev_junio_ii_24_181_100x100@2x.jpg; ruev_junio_ii_24_200_80x@2x.jpg; ruev_may23_web_16_100x100@2x.jpg; ruev_may23_web_17_100x100@2x.jpg; ruev_may23_web_18_fea1412c-5f77-4f18-bacb-ce8dafd91378_100x100@2x.jpg; ruev_may23_web_20_100x100@2x.jpg; ruev_may23_web_22_100x100@2x.jpg; ruev_may23_web_24_100x100@2x.jpg; ruev_may23_web_28_100x100@2x.jpg; ruev_may23_web_42_100x100@2x.jpg; ruev_may23_web_55_100x100@2x.jpg; ruev_noviii_2024_197_100x100@2x.jpg; ruev_noviii_2024_342_100x100@2x.jpg; ruev_oct_ii_24_154_100x100@2x.jpg; ruev_riadb-19_80x@2x.jpg; ruev_riadb-20_80x@2x.jpg; ruev_riadb-47_100x100@2x.jpg; ruev_riadb-58_100x100@2x.jpg; ruev_web_espacios_en24-007_80x@2x.jpg; ruev_web_espacios_en24-011_100x100@2x.jpg; ruev_web_prod_enero24-068_100x100@2x.jpg; ruev_web_prod_enero24-079_100x100@2x.jpg; ruevintage_f_dic22_002_1_100x100@2x.jpg; ruevintage_f_dic22_010_a7cca257-73d4-419e-93fd-42d9f2ed21b3_100x100@2x.jpg; ruevintage_homecret_alta_28_100x100@2x.jpg; ruevintage_homecret_alta_28_80x@2x.jpg; ruevintage_jul24_web_015_100x100@2x.jpg; ruevintage_jul24_web_044_80x@2x.jpg; ruevintage_lino_web_jul19_45_100x100@2x.jpg; ruevintage_lino_web_jul19_68_100x100@2x.jpg; ruevintage_lino_web_jul19_71_100x100@2x.jpg; ruevintage_marz24-094_100x100@2x.jpg; ruevintage_marz24-125_100x100@2x.jpg; ruevintage_marz24-218_0380dea8-db91-4441-a7f6-65a95c8f0fba_100x100@2x.jpg; ruevintage_marz24-218_0380dea8-db91-4441-a7f6-65a95c8f0fba_80x@2x.jpg; ruevintage_marz24-231_e9489735-adb8-48cd-b635-75945e96679f_100x100@2x.jpg; ruevintage_pdcto_web_29_100x100@2x.jpg; ruevintage_pdcto_web_33_100x100@2x.jpg; ruevintage_pdcto_web_33_80x@2x.jpg; ruevintage_pdcto_web_37_100x100@2x.jpg; ruevintage_pdcto_web_45_100x100@2x.jpg; ruevintage_pdcto_web_66_100x100@2x.jpg; ruevintage_sofas_nov24_001_da7fa021-5994-41bd-a6b8-fd1380ae0516_100x100@2x.jpg; ruevintage_sofas_nov24_009_100x100@2x.jpg; ruevintage_sofas_nov24_089_100x100@2x.jpg; ruevintage_textil_low_s25_182_80x@2x.jpg; ruevintage_textil_low_s25_215_100x100@2x.jpg; ruevintage_textil_low_s25_215_80x@2x.jpg; ruevintage_web_feb24-006_100x100@2x.jpg; ruevintage_web_feb24-014_100x100@2x.jpg; ruevintage_web_feb24-066_80x@2x.jpg; ruevintage_web_feb24-087_80x@2x.jpg; ruevintage_web_feb24-127_100x100@2x.jpg; ruevintage_web_feb24-136_100x100@2x.jpg; ruevintage_web_feb24-141_100x100@2x.jpg; ruevintage_web_feb24-142_100x100@2x.jpg; ruevintage_web_feb24-175_80x@2x.jpg; ruevintage_web_feb24-177_80x@2x.jpg; rv16dic_alta_032_100x100@2x.jpg; rv16dic_alta_239_100x100@2x.jpg; rv16dic_web_425_100x100@2x.jpg; rv74_02062021_12_100x100@2x.jpg; rv74_02062021_14_100x100@2x.jpg; rv74_11nov202174_100x100@2x.jpg; rv74_15012021_0194_100x100@2x.jpg; rv74_15102020_0368_100x100@2x.jpg; rv74_15102020_0381_100x100@2x.jpg; rv74_20112020_0474_100x100@2x.jpg; rv74_20112020_0514copia_100x100@2x.jpg; rv74_30jun21_19_100x100@2x.jpg; rv74_30jun21_21_100x100@2x.jpg; rv74_abr22_144_100x100@2x.jpg; rv74_abr23_156_100x100@2x.jpg; rv74_abr23_172_100x100@2x.jpg; rv74_abr23_190_100x100@2x.jpg; rv74_abr23_213_100x100@2x.jpg; rv74_abr23_228_100x100@2x.jpg; rv74_abr23_288_100x100@2x.jpg; rv74_ago22_44_100x100@2x.jpg; rv74_alkiorange_100x100@2x.jpg; rv74_alkipink_100x100@2x.jpg; rv74_casakitula_ss2312_f30ecd74-f807-4c98-bd59-172f5f1db561_100x100@2x.jpg; rv74_casakitula_ss2327_87cac320-1dc4-4ee1-83e5-9863696167dc_80x@2x.jpg; rv74_casakitula_ss2332_8774678c-2db3-4a86-ab8e-4d93011d3827_100x100@2x.jpg; rv74_casakitula_ss233_b0683f2b-de21-4f63-a04e-fa8db1f1ff57_100x100@2x.jpg; rv74_castilloguadamur-5_100x100@2x.jpg; rv74_castilloguadamur-6_b5af1a48-1d2d-41c1-a053-b0b17af3f186_100x100@2x.jpg; rv74_castilloguadamur-8_c2ad46f9-8f7e-459c-b8b5-424dfd81cdde_100x100@2x.jpg; rv74_castilloguadamur_cambio--3_100x100@2x.jpg; rv74_dic22_18_100x100@2x.jpg; rv74_dic22_43_1_100x100@2x.jpg; rv74_ene22228_100x100@2x.jpg; rv74_ene22_baja1_100x100@2x.jpg; rv74_ene22_baja2_100x100@2x.jpg; rv74_ene22_baja3_100x100@2x.jpg; rv74_ene22_baja5_100x100@2x.jpg; rv74_ene22_baja6_80x@2x.jpg; rv74_ene22_baja93_100x100@2x.jpg; rv74_feb22289_100x100@2x.jpg; rv74_feb22317_100x100@2x.jpg; rv74_feb23_131_100x100@2x.jpg; rv74_feb23_134_100x100@2x.jpg; rv74_feb23_1_100x100@2x.jpg; rv74_feb23_331_100x100@2x.jpg; rv74_feb23_47_100x100@2x.jpg; rv74_feb23_6_100x100@2x.jpg; rv74_feb23_baja_142_100x100@2x.jpg; rv74_feb23_baja_143_100x100@2x.jpg; rv74_jul21_19_100x100@2x.jpg; rv74_jul22_85_100x100@2x.jpg; rv74_jul22_96_100x100@2x.jpg; rv74_jul23_296_100x100@2x.jpg; rv74_jul23_300_100x100@2x.jpg; rv74_jul23_302_100x100@2x.jpg; rv74_jul23_304_100x100@2x.jpg; rv74_jul23_384_100x100@2x.jpg; rv74_jul23_389_100x100@2x.jpg; rv74_jul23_409_100x100@2x.jpg; rv74_jun22_145_100x100@2x.jpg; rv74_jun23_48_100x100@2x.jpg; rv74_mar22_228_100x100@2x.jpg; rv74_mar23_baja_131_100x100@2x.jpg; rv74_mar23_baja_243_100x100@2x.jpg; rv74_mar23_baja_307_100x100@2x.jpg; rv74_mar23_baja_370_100x100@2x.jpg; rv74_mar23_baja_394_100x100@2x.jpg; rv74_mar23_baja_417_100x100@2x.jpg; rv74_may22_187_100x100@2x.jpg; rv74_may22_1_c6b98a37-0aae-457e-bf05-52341806eace_100x100@2x.jpg; rv74_may22_55_100x100@2x.jpg; rv74_nov22_baja133_100x100@2x.jpg; rv74_nov22_baja195_100x100@2x.jpg; rv74_nov22_baja220_100x100@2x.jpg; rv74_nov22_baja222_100x100@2x.jpg; rv74_nov22_baja224_100x100@2x.jpg; rv74_nov22_baja229_100x100@2x.jpg; rv74_nov22_baja231_100x100@2x.jpg; rv74_nov22_baja235_100x100@2x.jpg; rv74_nov22_baja254_100x100@2x.jpg; rv74_nov22_baja330_100x100@2x.jpg; rv74_nov22_baja333_100x100@2x.jpg; rv74_nov22_baja348_100x100@2x.jpg; rv74_nov22_baja351_100x100@2x.jpg; rv74_nov22_baja449_100x100@2x.jpg; rv74_nov22_baja462_100x100@2x.jpg; rv74_nov22_baja471_100x100@2x.jpg; rv74_nov22_baja485_100x100@2x.jpg; rv74_nov22_baja486_100x100@2x.jpg; rv74_nov22_baja495_100x100@2x.jpg; rv74_nov22_baja496_100x100@2x.jpg; rv74_nov22_baja504_100x100@2x.jpg; rv74_nov23_baja_14_100x100@2x.jpg; rv74_oct22_125_100x100@2x.jpg; rv74_oct22_139_100x100@2x.jpg; rv74_oct22_207_100x100@2x.jpg; rv74_oct22_212_100x100@2x.jpg; rv74_oct22_74_100x100@2x.jpg; rv74_oct22_92_100x100@2x.jpg; rv74_oct_23_22_100x100@2x.jpg; rv74_oct_23_30_100x100@2x.jpg; rv74_oct_23_455_100x100@2x.jpg; rv74_oct_23_8_95a8ba61-c17d-466d-a6ce-30a79efc5eb7_100x100@2x.jpg; rv74_oct_23_9_100x100@2x.jpg; rv74_sep22_18_100x100@2x.jpg; rv74_sep22_193_100x100@2x.jpg; rv74_sep22_211_100x100@2x.jpg; rv74_sep22_269_100x100@2x.jpg; rv74_sep22_37_100x100@2x.jpg; rv74_sep23_119_100x100@2x.jpg; rv74_sep23_176_100x100@2x.jpg; rv74_sep23_247_100x100@2x.jpg; rv74_sep23_250_100x100@2x.jpg; rv74_sep23_34_100x100@2x.jpg; rv74_sep29_6_100x100@2x.jpg; rv74_shopthelook_castillo_100x100@2x.jpg; rv74_xmas_set1_100x100@2x.jpg; rv74_xmas_set3_100x100@2x.jpg; rv74_xmas_set_2_100x100@2x.jpg; rv74_yamamoto2777_100x100@2x.jpg; rv_camas_web_marz22_22_100x100@2x.jpg; rv_octubre25_476_100x100@2x.jpg; rv_octubre25_490_100x100@2x.jpg; rv_octubre25_528_100x100@2x.jpg; rv_octubre25_583_100x100@2x.jpg; rv_octubre25_624_100x100@2x.jpg; rv_octubre25_646_100x100@2x.jpg; rvintage_12may25_baja_397_100x100@2x.jpg; sin-titulo-1_100x100@2x.jpg; ta-120-78-04-a_100x100@2x.jpg; theapartment-ciszakdalmas_0_80x@2x.jpg; theapartment-ciszakdalmas_288_100x100@2x.jpg; theapt-susanaordovas01171_100x100@2x.jpg; theapt-susanaordovas0142_100x100@2x.jpg; theapt-susanaordovas0585_100x100@2x.jpg; web-3_aa29934c-d4ac-4817-99a2-c17b4d6ed11b_100x100@2x.jpg; web-75_c5b87e4f-9fc9-4846-9de9-48a2d1c8c34c_100x100@2x.jpg; web-95_100x100@2x.jpg; web-97_100x100@2x.jpg; ynesybarrav321_100x100@2x.jpg; ynesybarrav376_100x100@2x.jpg; ynesybarrav379_100x100@2x.jpg; ynesybarrav634_100x100@2x.jpg; ynesybarrav712_100x100@2x.jpg
Muy Mucho,Decoración,911443298,http://www.muymucho.es/,,
Casa Josephine,Decoración,910337084,http://casajosephine.com/,,
L.A.STUDIO INTERIORISMO,Decoración,913657566,https://lastudio.es/,,
Mestizo Gallery,Decoración,917958899,http://www.mestizo.es/,,
Guáimaro,Decoración,914320989,https://instagram.com/guaimaromadrid,,
Maisons du Monde,Decoración,919600435,https://store.maisonsdumonde.com/es/es/comunidad-de-madrid/madrid/madrid/maisons-du-monde-madrid-263,,
"DOOC Atocha - Diseño, Objetos y Otras Cosas",Decoración,910097147,https://www.dooc.eu/,,
Zakka,Decoración,915320546,https://www.instagram.com/kawaiizakka/?hl=es,,
Tienda de muebles en Madrid | Mobel K6,Decoración,914508892,https://mueblesmobelk6.es/,,
Muebles Ahorro Total Villalba,Decoración,699790081,https://www.ahorrototal.com/?utm_source=google&utm_medium=organic&utm_campaign=gmb_villalba,atencionalcliente@ahorrototal.com,atencionalcliente@ahorrototal.com; tiendaonline@ahorrototal.com
Muebles Adama,Decoración,915252941,https://www.mueblesadama.com/,,
Angel Studio,Decoración,916143271,http://www.angelstudio.es/,18d2f96d279149989b95faf0a4b41882@sentry-next.wixpress.com,18d2f96d279149989b95faf0a4b41882@sentry-next.wixpress.com; 271e9fa3230b4eec94b02bf95780f5f2@sentry.wixpress.com; 460ff4620fa44cba8df530afde949785@sentry.wixpress.com; 463991d7bca24f02a0baf16f9e6eda73@sentry.wixpress.com; 5d1795a2db124a268f1e1bd88f503500@sentry.wixpress.com; 605a7baede844d278b89dc95ae0a9123@sentry-next.wixpress.com; 78f7996315bc402f9dcb8a2f974b82d1@sentry.wixpress.com; 8c4075d5481d476e945486754f783364@sentry.io; 8eb368c655b84e029ed79ad7a5c1718e@sentry.wixpress.com; 9a65e97ebe8141fca0c4fd686f70996b@sentry.wixpress.com; bfb679c754744c58a7374ee6e25cfc13@sentry.wixpress.com; ed436f5053144538958ad06a5005e99a@sentry.wixpress.com; f36cc48fb72b4d298c835f2793cf3b84@sentry-next.wixpress.com
Vintage 4P,Decoración,610970049,https://vintage4p.com/,,
ILLANA DECORACION,Decoración,914787636,http://www.illanadecoracion.es/,,
Marlo decoracion,Decoración,917173078,https://www.marlodecoracion.es/,,
Banak,Decoración,915769260,https://www.banak.com/tienda/hermosilla,,
ALDABA - Soluciones Decorativas,Decoración,913101045,https://aldabashop.wixsite.com/home,2062d0a4929b45348643784b5cb39c36@sentry.wixpress.com,2062d0a4929b45348643784b5cb39c36@sentry.wixpress.com; 605a7baede844d278b89dc95ae0a9123@sentry-next.wixpress.com; 8eb368c655b84e029ed79ad7a5c1718e@sentry.wixpress.com; tomas_aldaba@yahoo.com
Chic & Soul,Decoración,915913209,http://chicandsoul.com/,2062d0a4929b45348643784b5cb39c36@sentry.wixpress.com,2062d0a4929b45348643784b5cb39c36@sentry.wixpress.com; 605a7baede844d278b89dc95ae0a9123@sentry-next.wixpress.com; 8eb368c655b84e029ed79ad7a5c1718e@sentry.wixpress.com
Muy Mucho calle Alcalá,Decoración,911760922,http://www.muymucho.es/,,
El Paraíso Del Mueble,Decoración,915253373,http://www.paraisodelmueble.com/,brooke-lark-08boynh_r_e-unsplash@2x-1024x882.jpg,brooke-lark-08boynh_r_e-unsplash@2x-1024x882.jpg; brooke-lark-08boynh_r_e-unsplash@2x-1045x900.jpg; brooke-lark-08boynh_r_e-unsplash@2x-300x258.jpg; brooke-lark-08boynh_r_e-unsplash@2x-600x517.jpg; brooke-lark-08boynh_r_e-unsplash@2x-768x661.jpg; brooke-lark-08boynh_r_e-unsplash@2x.jpg; cat-img-1-2@2x-1024x455.jpg; cat-img-2@2x-1024x455.jpg; cat-img-3@2x-1024x455.jpg; cat-img-4@2x-1024x455.jpg; home-hero-2@2x.jpg; subscribe-section-bg@2x.jpg
MANDALAY Interiorismo,Decoración,654798416,http://www.mandalayinteriorismo.com/,mandalay.int@gmail.com,mandalay.int@gmail.com
Casa González & González,Decoración,636477610,https://www.gonzalez-gonzalez.es/,,
Kave Home Madrid Hermosilla,Decoración,910609948,https://kavehome.com/es/es/stores/madrid-hermosilla/?utm_source=google&utm_medium=Organic_local&utm_campaign=madrid_salamanca,,
Fancy decor,Decoración,665729606,https://fancydecor.net/,fancydecor@live.com,fancydecor@live.com
La maison bleue,Decoración,917153776,http://www.lamaisonbleue.es/,18d2f96d279149989b95faf0a4b41882@sentry-next.wixpress.com,18d2f96d279149989b95faf0a4b41882@sentry-next.wixpress.com; 2062d0a4929b45348643784b5cb39c36@sentry.wixpress.com; 5d1795a2db124a268f1e1bd88f503500@sentry.wixpress.com; 605a7baede844d278b89dc95ae0a9123@sentry-next.wixpress.com; 8c4075d5481d476e945486754f783364@sentry.io; 8eb368c655b84e029ed79ad7a5c1718e@sentry.wixpress.com
M&R Interiorismo y Decoración - Decoración e Interiorismo en Pozuelo de Alarcón,Decoración,913521266,http://myrinteriorismo.es/,myr_interiorismo@hotmail.com,myr_interiorismo@hotmail.com
Biombo S.L.,Decoración,913521901,http://www.biombodecoracion.com/,,
El Palacio Del Hogar,Decoración,917157275,,,
Muebles y Decoración Peyra,Decoración,913520445,,,
BoConcept ECI Pozuelo,Decoración,913077243,http://boconcept.es/,,
Nathurai Cotton,Decoración,913511242,http://www.nathuraicotton.com/,nathuraicotton@hotmail.es,nathuraicotton@hotmail.es
Partyland Pozuelo,Decoración,917159684,https://partyland.es/,cliente@partyland.es,cliente@partyland.es; tu-email@tu-proveedor.com
Arte&Maña,Decoración,670409153,,,
El Almacén de la Casa,Decoración,913529841,http://www.elalmacendelacasa.com/,elalmacendelacasa@gmail.com,elalmacendelacasa@gmail.com
Bricolaje Pozuelo,Decoración,913522516,,,
Deco & Living Estudio de interiorismo y decoración,Decoración,684373586,https://www.decoandliving.com/,,
"Luanda: Interiorismo, Decoración y Reformas Singulares l LaFinca Grand Café",Decoración,689318047,https://luanda.es/,,
Muebles Pozuelo,Decoración,678440094,,,
Iz Decoración,Decoración,670391423,http://izdecoracion.com/,icetalucia@gmail.com,icetalucia@gmail.com
RAIZ - Mueble auxiliar y Regalo - Tienda decoración - Zoco de Pozuelo,Decoración,913515878,,,
Telamarinera Pozuelo,Decoración,917156669,,,
Per sé Küchen Pozuelo,Decoración,911738786,http://www.persekuchen.com/,persekuchen@persekuchen.com,persekuchen@persekuchen.com
Interiorismo y decoracion - Pozuelo,Decoración,917370126,,,
Margari Interiorismo,Decoración,913522657,http://margariinteriorismo.com/,,
Zelari De Nuzzi,Decoración,917141325,http://www.zelari.es/,direccion@zelari.es,direccion@zelari.es; serviciotecnico@zelari.es; tadao@example.com
Cristalería Pozuelo,Decoración,917157226,http://www.cristaleriapozuelo.com/,,
El Arte-sano,Decoración,640704168,https://instagram.com/el_artesano_pozuelo?igshid=YmMyMTA2M2Y=,,
La Casita De MARGAUX.,Decoración,,http://lacasitademargaux.com/,,
Ydeas Monas - Decoraciones de Eventos con Globos y Artículos Personalizados,Decoración,625020845,https://www.ydeasmonas.com/,ydeasmonas.ym@gmail.com,ydeasmonas.ym@gmail.com
Toldoteca - Fábrica de Toldos en Pozuelo,Decoración,917156726,https://www.toldoteca.com/,,
Tapicerías Ibiza SL,Decoración,913521065,https://tuguiaonline.es/es/negocio/9356/tapicerias/pozuelo-de-alarcon/tapicerias-ibiza/,fbadorrey@tapiceriasibiza.es,fbadorrey@tapiceriasibiza.es; info@tuguiaonline.es
MEALSA Pozuelo - Materiales Eléctricos Alcorcón,Decoración,913523516,,,
BABIA LIBROS Y ARTE,Decoración,653667957,,,
"La Aguja de Oro ,arreglos Y Confección Pozuelo De Alarcon",Decoración,692032419,https://www.facebook.com/laagujadeoropozuelo/,,
Kvik Las Rozas,Decoración,911744669,https://www.kvik.es/busca-una-tienda/kvik-las-rozas?utm_source=google&utm_medium=organic&utm_campaign=website&utm_content=las-rozas,cynthiaro@lasrozas.kvik.es,cynthiaro@lasrozas.kvik.es; francysrds@lasrozas.kvik.es; juancsp@lasrozas.kvik.es; lasrozas@lasrozas.kvik.es; luisanama@lasrozas.kvik.es; nombre@email.com
Stylohome,Decoración,639173419,https://www.stylohome.com/,,
ROMA HOME,Decoración,669076191,https://romahome.es/,,
Palisandro,Decoración,916379513,https://www.palisandro-interiorismo.es/,tunombre@email.com,tunombre@email.com
Casa Nativa,Decoración,916361693,https://casanativa.net/,cropped-casa-nativa-favicon@2x-180x180.png,cropped-casa-nativa-favicon@2x-180x180.png; cropped-casa-nativa-favicon@2x-192x192.png; cropped-casa-nativa-favicon@2x-270x270.png; cropped-casa-nativa-favicon@2x-32x32.png
Banak,Decoración,916361675,https://www.banak.com/tienda/lasrozas,,
Kenay Home,Decoración,919903722,,,
Línea Actual,Decoración,699997007,http://lineaactual.es/,%20info@lineaactual.es,%20info@lineaactual.es
Pinópolis,Decoración,917104586,http://www.pinopolis.es/,,
Europolis Las Rozas,Decoración,,http://www.sohoeuropolis.com/,,
BoConcept Las Rozas,Decoración,916374920,https://www.boconcept.com/es-es/stores/find-your-local-store/spain/madrid/boconcept-las-rozas,diagonal@boconcept.es,diagonal@boconcept.es; ecibanus@boconcept.es; ecicastellana@boconcept.es; ecipozuelo@boconcept.es; ecisanchinarro@boconcept.es; ecivalencia@boconcept.es; lasrozas@boconcept.es; malaga@boconcept.es; marbella@boconcept.es; ontinyent@boconcept.es; velazquez@herning.es
Sofás Las Rozas,Decoración,650303030,https://sofa10.com/,,
Európolis Polígono de Las Rozas de Madrid,Decoración,916376160,,,
Oromana Decor Spain SA,Decoración,916372499,https://oromanadecoracion.com/,oromana@oromana.net,oromana@oromana.net
El Globo Muebles,Decoración,916407101,http://www.elglobomuebles.com/,tiendaonline@elglobo.es,tiendaonline@elglobo.es
Lasan Decoración - Muebles de cocina en las Rozas,Decoración,916374615,https://www.lasandecoracion.es/?utm_source=mybusiness&utm_medium=mybusiness&utm_campaign=rozas,clientes@lasandecoracion.es,clientes@lasandecoracion.es; pedidosweb@lasandecoracion.es
Burana,Decoración,917103771,https://burana.es/,,
Muebles Galaxia //mueble juvenil Europolis,Decoración,916372694,https://mueblesgalaxiaeuropolis.com/,joseluistorrijoslopez@gmail.com,joseluistorrijoslopez@gmail.com
BABEL JUVENILES,Decoración,916266281,http://babeljuveniles.com/,,
"Multisilla - El especialista en sillas, mesas y taburetes.",Decoración,916372881,https://www.multisilla.com/,,
Luz & Ambiente,Decoración,916374929,https://www.luzambiente.com/,,
Noddum - Las Rozas,Decoración,910415423,http://www.noddum.com/,,
Garabatos mueble infantil y juvenil,Decoración,916379562,http://www.garabatosmobiliario.es/,alicante@garabatosmobiliario.es,alicante@garabatosmobiliario.es; arganzuela@garabatosmobiliario.es; bilbao@garabatosmobiliario.es; europolis@garabatosmobiliario.es; malaga@garabatosmobiliario.es; sanse@garabatosmobiliario.es; sevilla@garabatosmobiliario.es; silvano@garabatosmobiliario.es; valencia@garabatosmobiliario.es; valladolid@garabatosmobiliario.es; vigo@garabatosmobiliario.es; zaragoza@garabatosmobiliario.es
Hiper Asia Las Rozas,Decoración,654689353,,,
La Fábrica de Sueños,Decoración,914938053,https://www.lafabricadesuenos.net/,,
Abatibles.es,Decoración,686933578,https://www.abatibles.es/,,
Mersema Mercado de segunda mano,Decoración,917104436,https://mersema.es/,license@prestashop.com,license@prestashop.com; mersema@mersema.es; tech@202-ecommerce.com
Mikama Hogar,Decoración,670971165,http://www.mikama.es/,,
Moradillo Store Europolis | Tienda de sofás en Las Rozas,Decoración,916371139,https://moradillo.com/tiendas-de-sofas/las-rozas/?utm_source=google&utm_medium=mybusiness&utm_content=las-rozas,lasrozas@moradillostore.com,lasrozas@moradillostore.com
Èggo Cocinas e Interior Las Rozas,Decoración,914437019,https://eggo.es/,,
